Run,Assay Type,AvgSpotLen,Bases,BioProject,BioSample,Bytes,cell_type,Center Name,Collection_Date,Consent,DATASTORE filetype,DATASTORE provider,DATASTORE region,experiment_group,Experiment,geo_loc_name_country,geo_loc_name_country_continent,geo_loc_name,Instrument,Library Name,LibraryLayout,LibrarySelection,LibrarySource,Organism,Platform,ReleaseDate,create_date,version,Sample Name,source_name,SRA Study,stimulus,treatment
SRR29279085,RNA-Seq,76,65352780,PRJNA1120019,SAMN41673653,28687968,Bone-marrow Macrophage,UNIVERSITY OF BIRMINGHAM,missing,public,"sra,fastq,run.zq","gs,ncbi,s3","gs.us-east1,ncbi.public,s3.us-east-1",6,SRX24796384,uncalculated,uncalculated,missing,NextSeq 500,GSM8305589,SINGLE,cDNA,TRANSCRIPTOMIC,Mus musculus,ILLUMINA,2025-07-01T00:00:00Z,2024-06-04T15:31:00Z,1,GSM8305589,Bone-marrow Macrophage,SRP511692,Candida albicans,Vancomycin
SRR29279089,RNA-Seq,76,87691308,PRJNA1120019,SAMN41673654,38568410,Bone-marrow Macrophage,UNIVERSITY OF BIRMINGHAM,missing,public,"run.zq,sra,fastq","s3,gs,ncbi","gs.us-east1,ncbi.public,s3.us-east-1",6,SRX24796383,uncalculated,uncalculated,missing,NextSeq 500,GSM8305588,SINGLE,cDNA,TRANSCRIPTOMIC,Mus musculus,ILLUMINA,2025-07-01T00:00:00Z,2024-06-04T15:31:00Z,1,GSM8305588,Bone-marrow Macrophage,SRP511692,None,Vancomycin
SRR29279093,RNA-Seq,76,105854548,PRJNA1120019,SAMN41673655,46631199,Bone-marrow Macrophage,UNIVERSITY OF BIRMINGHAM,missing,public,"fastq,sra,run.zq","ncbi,s3,gs","ncbi.public,gs.us-east1,s3.us-east-1",6,SRX24796382,uncalculated,uncalculated,missing,NextSeq 500,GSM8305587,SINGLE,cDNA,TRANSCRIPTOMIC,Mus musculus,ILLUMINA,2025-07-01T00:00:00Z,2024-06-04T15:31:00Z,1,GSM8305587,Bone-marrow Macrophage,SRP511692,Candida albicans,Untreated (control)
SRR29279097,RNA-Seq,76,96742908,PRJNA1120019,SAMN41673656,42853139,Bone-marrow Macrophage,UNIVERSITY OF BIRMINGHAM,missing,public,"sra,fastq,run.zq","ncbi,gs,s3","gs.us-east1,ncbi.public,s3.us-east-1",6,SRX24796381,uncalculated,uncalculated,missing,NextSeq 500,GSM8305586,SINGLE,cDNA,TRANSCRIPTOMIC,Mus musculus,ILLUMINA,2025-07-01T00:00:00Z,2024-06-04T15:32:00Z,1,GSM8305586,Bone-marrow Macrophage,SRP511692,None,Untreated (control)
SRR29279101,RNA-Seq,76,96998040,PRJNA1120019,SAMN41673657,42405982,Bone-marrow Macrophage,UNIVERSITY OF BIRMINGHAM,missing,public,"sra,fastq,run.zq","ncbi,gs,s3","gs.us-east1,s3.us-east-1,ncbi.public",5,SRX24796380,uncalculated,uncalculated,missing,NextSeq 500,GSM8305585,SINGLE,cDNA,TRANSCRIPTOMIC,Mus musculus,ILLUMINA,2025-07-01T00:00:00Z,2024-06-04T15:32:00Z,1,GSM8305585,Bone-marrow Macrophage,SRP511692,Candida albicans,Vancomycin
SRR29279105,RNA-Seq,76,83039272,PRJNA1120019,SAMN41673658,36569356,Bone-marrow Macrophage,UNIVERSITY OF BIRMINGHAM,missing,public,"fastq,run.zq,sra","s3,ncbi,gs","ncbi.public,s3.us-east-1,gs.us-east1",5,SRX24796379,uncalculated,uncalculated,missing,NextSeq 500,GSM8305584,SINGLE,cDNA,TRANSCRIPTOMIC,Mus musculus,ILLUMINA,2025-07-01T00:00:00Z,2024-06-04T15:32:00Z,1,GSM8305584,Bone-marrow Macrophage,SRP511692,None,Vancomycin
SRR29279109,RNA-Seq,76,82353980,PRJNA1120019,SAMN41673659,36088456,Bone-marrow Macrophage,UNIVERSITY OF BIRMINGHAM,missing,public,"run.zq,fastq,sra","ncbi,s3,gs","gs.us-east1,ncbi.public,s3.us-east-1",5,SRX24796378,uncalculated,uncalculated,missing,NextSeq 500,GSM8305583,SINGLE,cDNA,TRANSCRIPTOMIC,Mus musculus,ILLUMINA,2025-07-01T00:00:00Z,2024-06-04T15:32:00Z,1,GSM8305583,Bone-marrow Macrophage,SRP511692,Candida albicans,Untreated (control)
SRR29279113,RNA-Seq,76,88190172,PRJNA1120019,SAMN41673660,38640478,Bone-marrow Macrophage,UNIVERSITY OF BIRMINGHAM,missing,public,"sra,run.zq,fastq","s3,gs,ncbi","gs.us-east1,s3.us-east-1,ncbi.public",5,SRX24796377,uncalculated,uncalculated,missing,NextSeq 500,GSM8305582,SINGLE,cDNA,TRANSCRIPTOMIC,Mus musculus,ILLUMINA,2025-07-01T00:00:00Z,2024-06-04T15:32:00Z,1,GSM8305582,Bone-marrow Macrophage,SRP511692,None,Untreated (control)
SRR29279117,RNA-Seq,76,117002684,PRJNA1120019,SAMN41673661,51007843,Bone-marrow Macrophage,UNIVERSITY OF BIRMINGHAM,missing,public,"sra,run.zq,fastq","ncbi,gs,s3","ncbi.public,gs.us-east1,s3.us-east-1",4,SRX24796376,uncalculated,uncalculated,missing,NextSeq 500,GSM8305581,SINGLE,cDNA,TRANSCRIPTOMIC,Mus musculus,ILLUMINA,2025-07-01T00:00:00Z,2024-06-04T15:31:00Z,1,GSM8305581,Bone-marrow Macrophage,SRP511692,Candida albicans,Vancomycin
SRR29279121,RNA-Seq,76,97412620,PRJNA1120019,SAMN41673662,42650951,Bone-marrow Macrophage,UNIVERSITY OF BIRMINGHAM,missing,public,"fastq,sra,run.zq","s3,ncbi,gs","s3.us-east-1,gs.us-east1,ncbi.public",4,SRX24796375,uncalculated,uncalculated,missing,NextSeq 500,GSM8305580,SINGLE,cDNA,TRANSCRIPTOMIC,Mus musculus,ILLUMINA,2025-07-01T00:00:00Z,2024-06-04T15:32:00Z,1,GSM8305580,Bone-marrow Macrophage,SRP511692,None,Vancomycin
SRR29279125,RNA-Seq,76,87472884,PRJNA1120019,SAMN41673663,38139794,Bone-marrow Macrophage,UNIVERSITY OF BIRMINGHAM,missing,public,"sra,fastq,run.zq","s3,gs,ncbi","s3.us-east-1,gs.us-east1,ncbi.public",4,SRX24796374,uncalculated,uncalculated,missing,NextSeq 500,GSM8305579,SINGLE,cDNA,TRANSCRIPTOMIC,Mus musculus,ILLUMINA,2025-07-01T00:00:00Z,2024-06-04T15:32:00Z,1,GSM8305579,Bone-marrow Macrophage,SRP511692,Candida albicans,Untreated (control)
SRR29279129,RNA-Seq,76,121433864,PRJNA1120019,SAMN41673664,53314499,Bone-marrow Macrophage,UNIVERSITY OF BIRMINGHAM,missing,public,"fastq,sra,run.zq","ncbi,s3,gs","gs.us-east1,s3.us-east-1,ncbi.public",4,SRX24796373,uncalculated,uncalculated,missing,NextSeq 500,GSM8305578,SINGLE,cDNA,TRANSCRIPTOMIC,Mus musculus,ILLUMINA,2025-07-01T00:00:00Z,2024-06-04T15:32:00Z,1,GSM8305578,Bone-marrow Macrophage,SRP511692,None,Untreated (control)
SRR29279133,RNA-Seq,76,102484708,PRJNA1120019,SAMN41673665,44952301,Bone-marrow Macrophage,UNIVERSITY OF BIRMINGHAM,missing,public,"sra,fastq,run.zq","ncbi,s3,gs","s3.us-east-1,gs.us-east1,ncbi.public",3,SRX24796372,uncalculated,uncalculated,missing,NextSeq 500,GSM8305577,SINGLE,cDNA,TRANSCRIPTOMIC,Mus musculus,ILLUMINA,2025-07-01T00:00:00Z,2024-06-04T15:32:00Z,1,GSM8305577,Bone-marrow Macrophage,SRP511692,Candida albicans,Vancomycin
SRR29279137,RNA-Seq,76,133122588,PRJNA1120019,SAMN41673666,58476175,Bone-marrow Macrophage,UNIVERSITY OF BIRMINGHAM,missing,public,"run.zq,sra,fastq","gs,s3,ncbi","s3.us-east-1,gs.us-east1,ncbi.public",3,SRX24796371,uncalculated,uncalculated,missing,NextSeq 500,GSM8305576,SINGLE,cDNA,TRANSCRIPTOMIC,Mus musculus,ILLUMINA,2025-07-01T00:00:00Z,2024-06-04T15:32:00Z,1,GSM8305576,Bone-marrow Macrophage,SRP511692,None,Vancomycin
SRR29279141,RNA-Seq,76,96835020,PRJNA1120019,SAMN41673667,42590808,Bone-marrow Macrophage,UNIVERSITY OF BIRMINGHAM,missing,public,"fastq,sra,run.zq","ncbi,gs,s3","s3.us-east-1,ncbi.public,gs.us-east1",3,SRX24796370,uncalculated,uncalculated,missing,NextSeq 500,GSM8305575,SINGLE,cDNA,TRANSCRIPTOMIC,Mus musculus,ILLUMINA,2025-07-01T00:00:00Z,2024-06-04T15:32:00Z,1,GSM8305575,Bone-marrow Macrophage,SRP511692,Candida albicans,Untreated (control)
SRR29279145,RNA-Seq,76,105348464,PRJNA1120019,SAMN41673668,46044962,Bone-marrow Macrophage,UNIVERSITY OF BIRMINGHAM,missing,public,"sra,fastq,run.zq","gs,ncbi,s3","ncbi.public,s3.us-east-1,gs.us-east1",3,SRX24796369,uncalculated,uncalculated,missing,NextSeq 500,GSM8305574,SINGLE,cDNA,TRANSCRIPTOMIC,Mus musculus,ILLUMINA,2025-07-01T00:00:00Z,2024-06-04T15:32:00Z,1,GSM8305574,Bone-marrow Macrophage,SRP511692,None,Untreated (control)
SRR29279149,RNA-Seq,76,79552772,PRJNA1120019,SAMN41673669,35041478,Bone-marrow Macrophage,UNIVERSITY OF BIRMINGHAM,missing,public,"run.zq,fastq,sra","s3,gs,ncbi","gs.us-east1,ncbi.public,s3.us-east-1",2,SRX24796368,uncalculated,uncalculated,missing,NextSeq 500,GSM8305573,SINGLE,cDNA,TRANSCRIPTOMIC,Mus musculus,ILLUMINA,2025-07-01T00:00:00Z,2024-06-04T15:32:00Z,1,GSM8305573,Bone-marrow Macrophage,SRP511692,Candida albicans,Vancomycin
SRR29279153,RNA-Seq,76,66107536,PRJNA1120019,SAMN41673670,29504032,Bone-marrow Macrophage,UNIVERSITY OF BIRMINGHAM,missing,public,"fastq,run.zq,sra","gs,ncbi,s3","ncbi.public,s3.us-east-1,gs.us-east1",2,SRX24796367,uncalculated,uncalculated,missing,NextSeq 500,GSM8305572,SINGLE,cDNA,TRANSCRIPTOMIC,Mus musculus,ILLUMINA,2025-07-01T00:00:00Z,2024-06-04T15:32:00Z,1,GSM8305572,Bone-marrow Macrophage,SRP511692,None,Vancomycin
SRR29279157,RNA-Seq,76,77740856,PRJNA1120019,SAMN41673671,33926263,Bone-marrow Macrophage,UNIVERSITY OF BIRMINGHAM,missing,public,"fastq,sra,run.zq","s3,gs,ncbi","s3.us-east-1,gs.us-east1,ncbi.public",2,SRX24796366,uncalculated,uncalculated,missing,NextSeq 500,GSM8305571,SINGLE,cDNA,TRANSCRIPTOMIC,Mus musculus,ILLUMINA,2025-07-01T00:00:00Z,2024-06-04T15:32:00Z,1,GSM8305571,Bone-marrow Macrophage,SRP511692,Candida albicans,Untreated (control)
SRR29279161,RNA-Seq,76,60891808,PRJNA1120019,SAMN41673672,26746725,Bone-marrow Macrophage,UNIVERSITY OF BIRMINGHAM,missing,public,"sra,run.zq,fastq","ncbi,s3,gs","s3.us-east-1,ncbi.public,gs.us-east1",2,SRX24796365,uncalculated,uncalculated,missing,NextSeq 500,GSM8305570,SINGLE,cDNA,TRANSCRIPTOMIC,Mus musculus,ILLUMINA,2025-07-01T00:00:00Z,2024-06-04T15:31:00Z,1,GSM8305570,Bone-marrow Macrophage,SRP511692,None,Untreated (control)
SRR29279165,RNA-Seq,76,99708808,PRJNA1120019,SAMN41673673,43423960,Bone-marrow Macrophage,UNIVERSITY OF BIRMINGHAM,missing,public,"run.zq,sra,fastq","s3,gs,ncbi","ncbi.public,gs.us-east1,s3.us-east-1",1,SRX24796364,uncalculated,uncalculated,missing,NextSeq 500,GSM8305569,SINGLE,cDNA,TRANSCRIPTOMIC,Mus musculus,ILLUMINA,2025-07-01T00:00:00Z,2024-06-04T15:32:00Z,1,GSM8305569,Bone-marrow Macrophage,SRP511692,Candida albicans,Vancomycin
SRR29279169,RNA-Seq,76,114149796,PRJNA1120019,SAMN41673674,50270948,Bone-marrow Macrophage,UNIVERSITY OF BIRMINGHAM,missing,public,"sra,run.zq,fastq","gs,ncbi,s3","s3.us-east-1,ncbi.public,gs.us-east1",1,SRX24796363,uncalculated,uncalculated,missing,NextSeq 500,GSM8305568,SINGLE,cDNA,TRANSCRIPTOMIC,Mus musculus,ILLUMINA,2025-07-01T00:00:00Z,2024-06-04T15:32:00Z,1,GSM8305568,Bone-marrow Macrophage,SRP511692,None,Vancomycin
SRR29279173,RNA-Seq,76,121759220,PRJNA1120019,SAMN41673675,53114770,Bone-marrow Macrophage,UNIVERSITY OF BIRMINGHAM,missing,public,"sra,fastq,run.zq","s3,ncbi,gs","s3.us-east-1,ncbi.public,gs.us-east1",1,SRX24796362,uncalculated,uncalculated,missing,NextSeq 500,GSM8305567,SINGLE,cDNA,TRANSCRIPTOMIC,Mus musculus,ILLUMINA,2025-07-01T00:00:00Z,2024-06-04T15:32:00Z,1,GSM8305567,Bone-marrow Macrophage,SRP511692,Candida albicans,Untreated (control)
SRR29279177,RNA-Seq,76,99484456,PRJNA1120019,SAMN41673676,43801148,Bone-marrow Macrophage,UNIVERSITY OF BIRMINGHAM,missing,public,"run.zq,sra,fastq","ncbi,gs,s3","gs.us-east1,s3.us-east-1,ncbi.public",1,SRX24796361,uncalculated,uncalculated,missing,NextSeq 500,GSM8305566,SINGLE,cDNA,TRANSCRIPTOMIC,Mus musculus,ILLUMINA,2025-07-01T00:00:00Z,2024-06-04T15:32:00Z,1,GSM8305566,Bone-marrow Macrophage,SRP511692,None,Untreated (control)
SRR29279086,RNA-Seq,76,64481060,PRJNA1120019,SAMN41673653,28006947,Bone-marrow Macrophage,UNIVERSITY OF BIRMINGHAM,missing,public,"fastq,sra,run.zq","ncbi,s3,gs","ncbi.public,gs.us-east1,s3.us-east-1",6,SRX24796384,uncalculated,uncalculated,missing,NextSeq 500,GSM8305589,SINGLE,cDNA,TRANSCRIPTOMIC,Mus musculus,ILLUMINA,2025-07-01T00:00:00Z,2024-06-04T15:31:00Z,1,GSM8305589,Bone-marrow Macrophage,SRP511692,Candida albicans,Vancomycin
SRR29279087,RNA-Seq,76,66007672,PRJNA1120019,SAMN41673653,28897356,Bone-marrow Macrophage,UNIVERSITY OF BIRMINGHAM,missing,public,"fastq,run.zq,sra","s3,ncbi,gs","s3.us-east-1,ncbi.public,gs.us-east1",6,SRX24796384,uncalculated,uncalculated,missing,NextSeq 500,GSM8305589,SINGLE,cDNA,TRANSCRIPTOMIC,Mus musculus,ILLUMINA,2025-07-01T00:00:00Z,2024-06-04T15:31:00Z,1,GSM8305589,Bone-marrow Macrophage,SRP511692,Candida albicans,Vancomycin
SRR29279088,RNA-Seq,76,64316368,PRJNA1120019,SAMN41673653,27944161,Bone-marrow Macrophage,UNIVERSITY OF BIRMINGHAM,missing,public,"sra,run.zq,fastq","ncbi,gs,s3","gs.us-east1,ncbi.public,s3.us-east-1",6,SRX24796384,uncalculated,uncalculated,missing,NextSeq 500,GSM8305589,SINGLE,cDNA,TRANSCRIPTOMIC,Mus musculus,ILLUMINA,2025-07-01T00:00:00Z,2024-06-04T15:31:00Z,1,GSM8305589,Bone-marrow Macrophage,SRP511692,Candida albicans,Vancomycin
SRR29279090,RNA-Seq,76,86595236,PRJNA1120019,SAMN41673654,37667446,Bone-marrow Macrophage,UNIVERSITY OF BIRMINGHAM,missing,public,"sra,fastq,run.zq","s3,ncbi,gs","gs.us-east1,ncbi.public,s3.us-east-1",6,SRX24796383,uncalculated,uncalculated,missing,NextSeq 500,GSM8305588,SINGLE,cDNA,TRANSCRIPTOMIC,Mus musculus,ILLUMINA,2025-07-01T00:00:00Z,2024-06-04T15:31:00Z,1,GSM8305588,Bone-marrow Macrophage,SRP511692,None,Vancomycin
SRR29279091,RNA-Seq,76,88718752,PRJNA1120019,SAMN41673654,38895051,Bone-marrow Macrophage,UNIVERSITY OF BIRMINGHAM,missing,public,"fastq,run.zq,sra","s3,ncbi,gs","ncbi.public,s3.us-east-1,gs.us-east1",6,SRX24796383,uncalculated,uncalculated,missing,NextSeq 500,GSM8305588,SINGLE,cDNA,TRANSCRIPTOMIC,Mus musculus,ILLUMINA,2025-07-01T00:00:00Z,2024-06-04T15:31:00Z,1,GSM8305588,Bone-marrow Macrophage,SRP511692,None,Vancomycin
SRR29279092,RNA-Seq,76,86406984,PRJNA1120019,SAMN41673654,37589329,Bone-marrow Macrophage,UNIVERSITY OF BIRMINGHAM,missing,public,"run.zq,sra,fastq","s3,ncbi,gs","ncbi.public,s3.us-east-1,gs.us-east1",6,SRX24796383,uncalculated,uncalculated,missing,NextSeq 500,GSM8305588,SINGLE,cDNA,TRANSCRIPTOMIC,Mus musculus,ILLUMINA,2025-07-01T00:00:00Z,2024-06-04T15:31:00Z,1,GSM8305588,Bone-marrow Macrophage,SRP511692,None,Vancomycin
SRR29279094,RNA-Seq,76,104153288,PRJNA1120019,SAMN41673655,45406753,Bone-marrow Macrophage,UNIVERSITY OF BIRMINGHAM,missing,public,"fastq,run.zq,sra","gs,ncbi,s3","gs.us-east1,ncbi.public,s3.us-east-1",6,SRX24796382,uncalculated,uncalculated,missing,NextSeq 500,GSM8305587,SINGLE,cDNA,TRANSCRIPTOMIC,Mus musculus,ILLUMINA,2025-07-01T00:00:00Z,2024-06-04T15:31:00Z,1,GSM8305587,Bone-marrow Macrophage,SRP511692,Candida albicans,Untreated (control)
SRR29279095,RNA-Seq,76,106320048,PRJNA1120019,SAMN41673655,46744878,Bone-marrow Macrophage,UNIVERSITY OF BIRMINGHAM,missing,public,"sra,fastq,run.zq","s3,gs,ncbi","s3.us-east-1,gs.us-east1,ncbi.public",6,SRX24796382,uncalculated,uncalculated,missing,NextSeq 500,GSM8305587,SINGLE,cDNA,TRANSCRIPTOMIC,Mus musculus,ILLUMINA,2025-07-01T00:00:00Z,2024-06-04T15:31:00Z,1,GSM8305587,Bone-marrow Macrophage,SRP511692,Candida albicans,Untreated (control)
SRR29279096,RNA-Seq,76,103768880,PRJNA1120019,SAMN41673655,45311903,Bone-marrow Macrophage,UNIVERSITY OF BIRMINGHAM,missing,public,"run.zq,fastq,sra","ncbi,s3,gs","gs.us-east1,ncbi.public,s3.us-east-1",6,SRX24796382,uncalculated,uncalculated,missing,NextSeq 500,GSM8305587,SINGLE,cDNA,TRANSCRIPTOMIC,Mus musculus,ILLUMINA,2025-07-01T00:00:00Z,2024-06-04T15:31:00Z,1,GSM8305587,Bone-marrow Macrophage,SRP511692,Candida albicans,Untreated (control)
SRR29279098,RNA-Seq,76,95609824,PRJNA1120019,SAMN41673656,41912596,Bone-marrow Macrophage,UNIVERSITY OF BIRMINGHAM,missing,public,"sra,fastq,run.zq","ncbi,gs,s3","ncbi.public,s3.us-east-1,gs.us-east1",6,SRX24796381,uncalculated,uncalculated,missing,NextSeq 500,GSM8305586,SINGLE,cDNA,TRANSCRIPTOMIC,Mus musculus,ILLUMINA,2025-07-01T00:00:00Z,2024-06-04T15:32:00Z,1,GSM8305586,Bone-marrow Macrophage,SRP511692,None,Untreated (control)
SRR29279099,RNA-Seq,76,97934132,PRJNA1120019,SAMN41673656,43274559,Bone-marrow Macrophage,UNIVERSITY OF BIRMINGHAM,missing,public,"run.zq,fastq,sra","s3,gs,ncbi","s3.us-east-1,ncbi.public,gs.us-east1",6,SRX24796381,uncalculated,uncalculated,missing,NextSeq 500,GSM8305586,SINGLE,cDNA,TRANSCRIPTOMIC,Mus musculus,ILLUMINA,2025-07-01T00:00:00Z,2024-06-04T15:32:00Z,1,GSM8305586,Bone-marrow Macrophage,SRP511692,None,Untreated (control)
SRR29279100,RNA-Seq,76,95350436,PRJNA1120019,SAMN41673656,41821005,Bone-marrow Macrophage,UNIVERSITY OF BIRMINGHAM,missing,public,"run.zq,fastq,sra","ncbi,gs,s3","s3.us-east-1,gs.us-east1,ncbi.public",6,SRX24796381,uncalculated,uncalculated,missing,NextSeq 500,GSM8305586,SINGLE,cDNA,TRANSCRIPTOMIC,Mus musculus,ILLUMINA,2025-07-01T00:00:00Z,2024-06-04T15:32:00Z,1,GSM8305586,Bone-marrow Macrophage,SRP511692,None,Untreated (control)
SRR29279102,RNA-Seq,76,95365484,PRJNA1120019,SAMN41673657,41250591,Bone-marrow Macrophage,UNIVERSITY OF BIRMINGHAM,missing,public,"sra,run.zq,fastq","s3,gs,ncbi","gs.us-east1,s3.us-east-1,ncbi.public",5,SRX24796380,uncalculated,uncalculated,missing,NextSeq 500,GSM8305585,SINGLE,cDNA,TRANSCRIPTOMIC,Mus musculus,ILLUMINA,2025-07-01T00:00:00Z,2024-06-04T15:31:00Z,1,GSM8305585,Bone-marrow Macrophage,SRP511692,Candida albicans,Vancomycin
SRR29279103,RNA-Seq,76,97468632,PRJNA1120019,SAMN41673657,42452786,Bone-marrow Macrophage,UNIVERSITY OF BIRMINGHAM,missing,public,"fastq,run.zq,sra","s3,ncbi,gs","gs.us-east1,s3.us-east-1,ncbi.public",5,SRX24796380,uncalculated,uncalculated,missing,NextSeq 500,GSM8305585,SINGLE,cDNA,TRANSCRIPTOMIC,Mus musculus,ILLUMINA,2025-07-01T00:00:00Z,2024-06-04T15:32:00Z,1,GSM8305585,Bone-marrow Macrophage,SRP511692,Candida albicans,Vancomycin
SRR29279104,RNA-Seq,76,95144628,PRJNA1120019,SAMN41673657,41097825,Bone-marrow Macrophage,UNIVERSITY OF BIRMINGHAM,missing,public,"sra,fastq,run.zq","gs,s3,ncbi","s3.us-east-1,gs.us-east1,ncbi.public",5,SRX24796380,uncalculated,uncalculated,missing,NextSeq 500,GSM8305585,SINGLE,cDNA,TRANSCRIPTOMIC,Mus musculus,ILLUMINA,2025-07-01T00:00:00Z,2024-06-04T15:31:00Z,1,GSM8305585,Bone-marrow Macrophage,SRP511692,Candida albicans,Vancomycin
SRR29279106,RNA-Seq,76,81447680,PRJNA1120019,SAMN41673658,35499954,Bone-marrow Macrophage,UNIVERSITY OF BIRMINGHAM,missing,public,"sra,fastq,run.zq","gs,s3,ncbi","s3.us-east-1,gs.us-east1,ncbi.public",5,SRX24796379,uncalculated,uncalculated,missing,NextSeq 500,GSM8305584,SINGLE,cDNA,TRANSCRIPTOMIC,Mus musculus,ILLUMINA,2025-07-01T00:00:00Z,2024-06-04T15:31:00Z,1,GSM8305584,Bone-marrow Macrophage,SRP511692,None,Vancomycin
SRR29279107,RNA-Seq,76,83751772,PRJNA1120019,SAMN41673658,36769004,Bone-marrow Macrophage,UNIVERSITY OF BIRMINGHAM,missing,public,"run.zq,sra,fastq","ncbi,s3,gs","s3.us-east-1,ncbi.public,gs.us-east1",5,SRX24796379,uncalculated,uncalculated,missing,NextSeq 500,GSM8305584,SINGLE,cDNA,TRANSCRIPTOMIC,Mus musculus,ILLUMINA,2025-07-01T00:00:00Z,2024-06-04T15:31:00Z,1,GSM8305584,Bone-marrow Macrophage,SRP511692,None,Vancomycin
SRR29279108,RNA-Seq,76,81295528,PRJNA1120019,SAMN41673658,35440434,Bone-marrow Macrophage,UNIVERSITY OF BIRMINGHAM,missing,public,"run.zq,sra,fastq","gs,ncbi,s3","ncbi.public,gs.us-east1,s3.us-east-1",5,SRX24796379,uncalculated,uncalculated,missing,NextSeq 500,GSM8305584,SINGLE,cDNA,TRANSCRIPTOMIC,Mus musculus,ILLUMINA,2025-07-01T00:00:00Z,2024-06-04T15:32:00Z,1,GSM8305584,Bone-marrow Macrophage,SRP511692,None,Vancomycin
SRR29279110,RNA-Seq,76,80722260,PRJNA1120019,SAMN41673659,34989904,Bone-marrow Macrophage,UNIVERSITY OF BIRMINGHAM,missing,public,"run.zq,fastq,sra","gs,s3,ncbi","s3.us-east-1,gs.us-east1,ncbi.public",5,SRX24796378,uncalculated,uncalculated,missing,NextSeq 500,GSM8305583,SINGLE,cDNA,TRANSCRIPTOMIC,Mus musculus,ILLUMINA,2025-07-01T00:00:00Z,2024-06-04T15:32:00Z,1,GSM8305583,Bone-marrow Macrophage,SRP511692,Candida albicans,Untreated (control)
SRR29279111,RNA-Seq,76,82824344,PRJNA1120019,SAMN41673659,36146532,Bone-marrow Macrophage,UNIVERSITY OF BIRMINGHAM,missing,public,"sra,run.zq,fastq","ncbi,s3,gs","s3.us-east-1,gs.us-east1,ncbi.public",5,SRX24796378,uncalculated,uncalculated,missing,NextSeq 500,GSM8305583,SINGLE,cDNA,TRANSCRIPTOMIC,Mus musculus,ILLUMINA,2025-07-01T00:00:00Z,2024-06-04T15:32:00Z,1,GSM8305583,Bone-marrow Macrophage,SRP511692,Candida albicans,Untreated (control)
SRR29279112,RNA-Seq,76,80662752,PRJNA1120019,SAMN41673659,34917870,Bone-marrow Macrophage,UNIVERSITY OF BIRMINGHAM,missing,public,"fastq,sra,run.zq","gs,ncbi,s3","gs.us-east1,s3.us-east-1,ncbi.public",5,SRX24796378,uncalculated,uncalculated,missing,NextSeq 500,GSM8305583,SINGLE,cDNA,TRANSCRIPTOMIC,Mus musculus,ILLUMINA,2025-07-01T00:00:00Z,2024-06-04T15:32:00Z,1,GSM8305583,Bone-marrow Macrophage,SRP511692,Candida albicans,Untreated (control)
SRR29279114,RNA-Seq,76,86598276,PRJNA1120019,SAMN41673660,37543787,Bone-marrow Macrophage,UNIVERSITY OF BIRMINGHAM,missing,public,"run.zq,fastq,sra","ncbi,s3,gs","s3.us-east-1,gs.us-east1,ncbi.public",5,SRX24796377,uncalculated,uncalculated,missing,NextSeq 500,GSM8305582,SINGLE,cDNA,TRANSCRIPTOMIC,Mus musculus,ILLUMINA,2025-07-01T00:00:00Z,2024-06-04T15:32:00Z,1,GSM8305582,Bone-marrow Macrophage,SRP511692,None,Untreated (control)
SRR29279115,RNA-Seq,76,88901760,PRJNA1120019,SAMN41673660,38839263,Bone-marrow Macrophage,UNIVERSITY OF BIRMINGHAM,missing,public,"sra,fastq,run.zq","s3,gs,ncbi","gs.us-east1,s3.us-east-1,ncbi.public",5,SRX24796377,uncalculated,uncalculated,missing,NextSeq 500,GSM8305582,SINGLE,cDNA,TRANSCRIPTOMIC,Mus musculus,ILLUMINA,2025-07-01T00:00:00Z,2024-06-04T15:32:00Z,1,GSM8305582,Bone-marrow Macrophage,SRP511692,None,Untreated (control)
SRR29279116,RNA-Seq,76,86289184,PRJNA1120019,SAMN41673660,37411874,Bone-marrow Macrophage,UNIVERSITY OF BIRMINGHAM,missing,public,"fastq,sra,run.zq","s3,ncbi,gs","s3.us-east-1,ncbi.public,gs.us-east1",5,SRX24796377,uncalculated,uncalculated,missing,NextSeq 500,GSM8305582,SINGLE,cDNA,TRANSCRIPTOMIC,Mus musculus,ILLUMINA,2025-07-01T00:00:00Z,2024-06-04T15:31:00Z,1,GSM8305582,Bone-marrow Macrophage,SRP511692,None,Untreated (control)
SRR29279118,RNA-Seq,76,115203992,PRJNA1120019,SAMN41673661,49692036,Bone-marrow Macrophage,UNIVERSITY OF BIRMINGHAM,missing,public,"sra,fastq,run.zq","ncbi,s3,gs","s3.us-east-1,ncbi.public,gs.us-east1",4,SRX24796376,uncalculated,uncalculated,missing,NextSeq 500,GSM8305581,SINGLE,cDNA,TRANSCRIPTOMIC,Mus musculus,ILLUMINA,2025-07-01T00:00:00Z,2024-06-04T15:32:00Z,1,GSM8305581,Bone-marrow Macrophage,SRP511692,Candida albicans,Vancomycin
SRR29279119,RNA-Seq,76,117887172,PRJNA1120019,SAMN41673661,51182641,Bone-marrow Macrophage,UNIVERSITY OF BIRMINGHAM,missing,public,"sra,fastq,run.zq","gs,ncbi,s3","gs.us-east1,ncbi.public,s3.us-east-1",4,SRX24796376,uncalculated,uncalculated,missing,NextSeq 500,GSM8305581,SINGLE,cDNA,TRANSCRIPTOMIC,Mus musculus,ILLUMINA,2025-07-01T00:00:00Z,2024-06-04T15:32:00Z,1,GSM8305581,Bone-marrow Macrophage,SRP511692,Candida albicans,Vancomycin
SRR29279120,RNA-Seq,76,115057996,PRJNA1120019,SAMN41673661,49566837,Bone-marrow Macrophage,UNIVERSITY OF BIRMINGHAM,missing,public,"sra,fastq,run.zq","ncbi,s3,gs","s3.us-east-1,ncbi.public,gs.us-east1",4,SRX24796376,uncalculated,uncalculated,missing,NextSeq 500,GSM8305581,SINGLE,cDNA,TRANSCRIPTOMIC,Mus musculus,ILLUMINA,2025-07-01T00:00:00Z,2024-06-04T15:32:00Z,1,GSM8305581,Bone-marrow Macrophage,SRP511692,Candida albicans,Vancomycin
SRR29279122,RNA-Seq,76,95768892,PRJNA1120019,SAMN41673662,41502405,Bone-marrow Macrophage,UNIVERSITY OF BIRMINGHAM,missing,public,"run.zq,sra,fastq","ncbi,s3,gs","ncbi.public,gs.us-east1,s3.us-east-1",4,SRX24796375,uncalculated,uncalculated,missing,NextSeq 500,GSM8305580,SINGLE,cDNA,TRANSCRIPTOMIC,Mus musculus,ILLUMINA,2025-07-01T00:00:00Z,2024-06-04T15:32:00Z,1,GSM8305580,Bone-marrow Macrophage,SRP511692,None,Vancomycin
SRR29279123,RNA-Seq,76,98166540,PRJNA1120019,SAMN41673662,42866002,Bone-marrow Macrophage,UNIVERSITY OF BIRMINGHAM,missing,public,"fastq,sra,run.zq","s3,ncbi,gs","ncbi.public,s3.us-east-1,gs.us-east1",4,SRX24796375,uncalculated,uncalculated,missing,NextSeq 500,GSM8305580,SINGLE,cDNA,TRANSCRIPTOMIC,Mus musculus,ILLUMINA,2025-07-01T00:00:00Z,2024-06-04T15:32:00Z,1,GSM8305580,Bone-marrow Macrophage,SRP511692,None,Vancomycin
SRR29279124,RNA-Seq,76,95412680,PRJNA1120019,SAMN41673662,41352887,Bone-marrow Macrophage,UNIVERSITY OF BIRMINGHAM,missing,public,"run.zq,sra,fastq","s3,ncbi,gs","ncbi.public,s3.us-east-1,gs.us-east1",4,SRX24796375,uncalculated,uncalculated,missing,NextSeq 500,GSM8305580,SINGLE,cDNA,TRANSCRIPTOMIC,Mus musculus,ILLUMINA,2025-07-01T00:00:00Z,2024-06-04T15:32:00Z,1,GSM8305580,Bone-marrow Macrophage,SRP511692,None,Vancomycin
SRR29279126,RNA-Seq,76,85686124,PRJNA1120019,SAMN41673663,36958055,Bone-marrow Macrophage,UNIVERSITY OF BIRMINGHAM,missing,public,"fastq,sra,run.zq","s3,ncbi,gs","ncbi.public,s3.us-east-1,gs.us-east1",4,SRX24796374,uncalculated,uncalculated,missing,NextSeq 500,GSM8305579,SINGLE,cDNA,TRANSCRIPTOMIC,Mus musculus,ILLUMINA,2025-07-01T00:00:00Z,2024-06-04T15:31:00Z,1,GSM8305579,Bone-marrow Macrophage,SRP511692,Candida albicans,Untreated (control)
SRR29279127,RNA-Seq,76,87713728,PRJNA1120019,SAMN41673663,38089036,Bone-marrow Macrophage,UNIVERSITY OF BIRMINGHAM,missing,public,"fastq,run.zq,sra","gs,s3,ncbi","s3.us-east-1,gs.us-east1,ncbi.public",4,SRX24796374,uncalculated,uncalculated,missing,NextSeq 500,GSM8305579,SINGLE,cDNA,TRANSCRIPTOMIC,Mus musculus,ILLUMINA,2025-07-01T00:00:00Z,2024-06-04T15:32:00Z,1,GSM8305579,Bone-marrow Macrophage,SRP511692,Candida albicans,Untreated (control)
SRR29279128,RNA-Seq,76,85545296,PRJNA1120019,SAMN41673663,36867645,Bone-marrow Macrophage,UNIVERSITY OF BIRMINGHAM,missing,public,"fastq,sra,run.zq","ncbi,s3,gs","ncbi.public,s3.us-east-1,gs.us-east1",4,SRX24796374,uncalculated,uncalculated,missing,NextSeq 500,GSM8305579,SINGLE,cDNA,TRANSCRIPTOMIC,Mus musculus,ILLUMINA,2025-07-01T00:00:00Z,2024-06-04T15:32:00Z,1,GSM8305579,Bone-marrow Macrophage,SRP511692,Candida albicans,Untreated (control)
SRR29279130,RNA-Seq,76,119124528,PRJNA1120019,SAMN41673664,51748861,Bone-marrow Macrophage,UNIVERSITY OF BIRMINGHAM,missing,public,"run.zq,fastq,sra","s3,ncbi,gs","gs.us-east1,s3.us-east-1,ncbi.public",4,SRX24796373,uncalculated,uncalculated,missing,NextSeq 500,GSM8305578,SINGLE,cDNA,TRANSCRIPTOMIC,Mus musculus,ILLUMINA,2025-07-01T00:00:00Z,2024-06-04T15:31:00Z,1,GSM8305578,Bone-marrow Macrophage,SRP511692,None,Untreated (control)
SRR29279131,RNA-Seq,76,122412820,PRJNA1120019,SAMN41673664,53539890,Bone-marrow Macrophage,UNIVERSITY OF BIRMINGHAM,missing,public,"run.zq,fastq,sra","s3,ncbi,gs","gs.us-east1,s3.us-east-1,ncbi.public",4,SRX24796373,uncalculated,uncalculated,missing,NextSeq 500,GSM8305578,SINGLE,cDNA,TRANSCRIPTOMIC,Mus musculus,ILLUMINA,2025-07-01T00:00:00Z,2024-06-04T15:32:00Z,1,GSM8305578,Bone-marrow Macrophage,SRP511692,None,Untreated (control)
SRR29279132,RNA-Seq,76,118917504,PRJNA1120019,SAMN41673664,51619435,Bone-marrow Macrophage,UNIVERSITY OF BIRMINGHAM,missing,public,"fastq,sra,run.zq","ncbi,gs,s3","s3.us-east-1,ncbi.public,gs.us-east1",4,SRX24796373,uncalculated,uncalculated,missing,NextSeq 500,GSM8305578,SINGLE,cDNA,TRANSCRIPTOMIC,Mus musculus,ILLUMINA,2025-07-01T00:00:00Z,2024-06-04T15:31:00Z,1,GSM8305578,Bone-marrow Macrophage,SRP511692,None,Untreated (control)
SRR29279134,RNA-Seq,76,100001256,PRJNA1120019,SAMN41673665,43423832,Bone-marrow Macrophage,UNIVERSITY OF BIRMINGHAM,missing,public,"fastq,run.zq,sra","s3,gs,ncbi","gs.us-east1,s3.us-east-1,ncbi.public",3,SRX24796372,uncalculated,uncalculated,missing,NextSeq 500,GSM8305577,SINGLE,cDNA,TRANSCRIPTOMIC,Mus musculus,ILLUMINA,2025-07-01T00:00:00Z,2024-06-04T15:32:00Z,1,GSM8305577,Bone-marrow Macrophage,SRP511692,Candida albicans,Vancomycin
SRR29279135,RNA-Seq,76,102929764,PRJNA1120019,SAMN41673665,44967289,Bone-marrow Macrophage,UNIVERSITY OF BIRMINGHAM,missing,public,"sra,run.zq,fastq","s3,ncbi,gs","s3.us-east-1,ncbi.public,gs.us-east1",3,SRX24796372,uncalculated,uncalculated,missing,NextSeq 500,GSM8305577,SINGLE,cDNA,TRANSCRIPTOMIC,Mus musculus,ILLUMINA,2025-07-01T00:00:00Z,2024-06-04T15:32:00Z,1,GSM8305577,Bone-marrow Macrophage,SRP511692,Candida albicans,Vancomycin
SRR29279136,RNA-Seq,76,100039940,PRJNA1120019,SAMN41673665,43381614,Bone-marrow Macrophage,UNIVERSITY OF BIRMINGHAM,missing,public,"sra,run.zq,fastq","ncbi,gs,s3","ncbi.public,s3.us-east-1,gs.us-east1",3,SRX24796372,uncalculated,uncalculated,missing,NextSeq 500,GSM8305577,SINGLE,cDNA,TRANSCRIPTOMIC,Mus musculus,ILLUMINA,2025-07-01T00:00:00Z,2024-06-04T15:32:00Z,1,GSM8305577,Bone-marrow Macrophage,SRP511692,Candida albicans,Vancomycin
SRR29279138,RNA-Seq,76,129467292,PRJNA1120019,SAMN41673666,56322632,Bone-marrow Macrophage,UNIVERSITY OF BIRMINGHAM,missing,public,"sra,fastq,run.zq","ncbi,s3,gs","ncbi.public,gs.us-east1,s3.us-east-1",3,SRX24796371,uncalculated,uncalculated,missing,NextSeq 500,GSM8305576,SINGLE,cDNA,TRANSCRIPTOMIC,Mus musculus,ILLUMINA,2025-07-01T00:00:00Z,2024-06-04T15:32:00Z,1,GSM8305576,Bone-marrow Macrophage,SRP511692,None,Vancomycin
SRR29279139,RNA-Seq,76,133572888,PRJNA1120019,SAMN41673666,58502602,Bone-marrow Macrophage,UNIVERSITY OF BIRMINGHAM,missing,public,"fastq,sra,run.zq","gs,ncbi,s3","ncbi.public,s3.us-east-1,gs.us-east1",3,SRX24796371,uncalculated,uncalculated,missing,NextSeq 500,GSM8305576,SINGLE,cDNA,TRANSCRIPTOMIC,Mus musculus,ILLUMINA,2025-07-01T00:00:00Z,2024-06-04T15:32:00Z,1,GSM8305576,Bone-marrow Macrophage,SRP511692,None,Vancomycin
SRR29279140,RNA-Seq,76,129461820,PRJNA1120019,SAMN41673666,56305693,Bone-marrow Macrophage,UNIVERSITY OF BIRMINGHAM,missing,public,"sra,fastq,run.zq","gs,s3,ncbi","gs.us-east1,s3.us-east-1,ncbi.public",3,SRX24796371,uncalculated,uncalculated,missing,NextSeq 500,GSM8305576,SINGLE,cDNA,TRANSCRIPTOMIC,Mus musculus,ILLUMINA,2025-07-01T00:00:00Z,2024-06-04T15:32:00Z,1,GSM8305576,Bone-marrow Macrophage,SRP511692,None,Vancomycin
SRR29279142,RNA-Seq,76,94835840,PRJNA1120019,SAMN41673667,41280735,Bone-marrow Macrophage,UNIVERSITY OF BIRMINGHAM,missing,public,"fastq,run.zq,sra","s3,ncbi,gs","ncbi.public,s3.us-east-1,gs.us-east1",3,SRX24796370,uncalculated,uncalculated,missing,NextSeq 500,GSM8305575,SINGLE,cDNA,TRANSCRIPTOMIC,Mus musculus,ILLUMINA,2025-07-01T00:00:00Z,2024-06-04T15:32:00Z,1,GSM8305575,Bone-marrow Macrophage,SRP511692,Candida albicans,Untreated (control)
SRR29279143,RNA-Seq,76,97406616,PRJNA1120019,SAMN41673667,42692497,Bone-marrow Macrophage,UNIVERSITY OF BIRMINGHAM,missing,public,"run.zq,sra,fastq","ncbi,gs,s3","gs.us-east1,ncbi.public,s3.us-east-1",3,SRX24796370,uncalculated,uncalculated,missing,NextSeq 500,GSM8305575,SINGLE,cDNA,TRANSCRIPTOMIC,Mus musculus,ILLUMINA,2025-07-01T00:00:00Z,2024-06-04T15:32:00Z,1,GSM8305575,Bone-marrow Macrophage,SRP511692,Candida albicans,Untreated (control)
SRR29279144,RNA-Seq,76,94839032,PRJNA1120019,SAMN41673667,41244588,Bone-marrow Macrophage,UNIVERSITY OF BIRMINGHAM,missing,public,"sra,fastq,run.zq","gs,ncbi,s3","gs.us-east1,s3.us-east-1,ncbi.public",3,SRX24796370,uncalculated,uncalculated,missing,NextSeq 500,GSM8305575,SINGLE,cDNA,TRANSCRIPTOMIC,Mus musculus,ILLUMINA,2025-07-01T00:00:00Z,2024-06-04T15:32:00Z,1,GSM8305575,Bone-marrow Macrophage,SRP511692,Candida albicans,Untreated (control)
SRR29279146,RNA-Seq,76,102996340,PRJNA1120019,SAMN41673668,44591327,Bone-marrow Macrophage,UNIVERSITY OF BIRMINGHAM,missing,public,"fastq,run.zq,sra","ncbi,s3,gs","s3.us-east-1,gs.us-east1,ncbi.public",3,SRX24796369,uncalculated,uncalculated,missing,NextSeq 500,GSM8305574,SINGLE,cDNA,TRANSCRIPTOMIC,Mus musculus,ILLUMINA,2025-07-01T00:00:00Z,2024-06-04T15:32:00Z,1,GSM8305574,Bone-marrow Macrophage,SRP511692,None,Untreated (control)
SRR29279147,RNA-Seq,76,105754532,PRJNA1120019,SAMN41673668,46064342,Bone-marrow Macrophage,UNIVERSITY OF BIRMINGHAM,missing,public,"fastq,sra,run.zq","ncbi,gs,s3","gs.us-east1,ncbi.public,s3.us-east-1",3,SRX24796369,uncalculated,uncalculated,missing,NextSeq 500,GSM8305574,SINGLE,cDNA,TRANSCRIPTOMIC,Mus musculus,ILLUMINA,2025-07-01T00:00:00Z,2024-06-04T15:32:00Z,1,GSM8305574,Bone-marrow Macrophage,SRP511692,None,Untreated (control)
SRR29279148,RNA-Seq,76,102438348,PRJNA1120019,SAMN41673668,44305472,Bone-marrow Macrophage,UNIVERSITY OF BIRMINGHAM,missing,public,"run.zq,sra,fastq","s3,gs,ncbi","ncbi.public,s3.us-east-1,gs.us-east1",3,SRX24796369,uncalculated,uncalculated,missing,NextSeq 500,GSM8305574,SINGLE,cDNA,TRANSCRIPTOMIC,Mus musculus,ILLUMINA,2025-07-01T00:00:00Z,2024-06-04T15:32:00Z,1,GSM8305574,Bone-marrow Macrophage,SRP511692,None,Untreated (control)
SRR29279150,RNA-Seq,76,77751800,PRJNA1120019,SAMN41673669,33889014,Bone-marrow Macrophage,UNIVERSITY OF BIRMINGHAM,missing,public,"sra,fastq,run.zq","gs,ncbi,s3","gs.us-east1,ncbi.public,s3.us-east-1",2,SRX24796368,uncalculated,uncalculated,missing,NextSeq 500,GSM8305573,SINGLE,cDNA,TRANSCRIPTOMIC,Mus musculus,ILLUMINA,2025-07-01T00:00:00Z,2024-06-04T15:32:00Z,1,GSM8305573,Bone-marrow Macrophage,SRP511692,Candida albicans,Vancomycin
SRR29279151,RNA-Seq,76,80018804,PRJNA1120019,SAMN41673669,35115679,Bone-marrow Macrophage,UNIVERSITY OF BIRMINGHAM,missing,public,"fastq,sra,run.zq","ncbi,gs,s3","ncbi.public,s3.us-east-1,gs.us-east1",2,SRX24796368,uncalculated,uncalculated,missing,NextSeq 500,GSM8305573,SINGLE,cDNA,TRANSCRIPTOMIC,Mus musculus,ILLUMINA,2025-07-01T00:00:00Z,2024-06-04T15:32:00Z,1,GSM8305573,Bone-marrow Macrophage,SRP511692,Candida albicans,Vancomycin
SRR29279152,RNA-Seq,76,77871120,PRJNA1120019,SAMN41673669,33921352,Bone-marrow Macrophage,UNIVERSITY OF BIRMINGHAM,missing,public,"sra,run.zq,fastq","s3,gs,ncbi","gs.us-east1,s3.us-east-1,ncbi.public",2,SRX24796368,uncalculated,uncalculated,missing,NextSeq 500,GSM8305573,SINGLE,cDNA,TRANSCRIPTOMIC,Mus musculus,ILLUMINA,2025-07-01T00:00:00Z,2024-06-04T15:32:00Z,1,GSM8305573,Bone-marrow Macrophage,SRP511692,Candida albicans,Vancomycin
SRR29279154,RNA-Seq,76,63546868,PRJNA1120019,SAMN41673670,28117690,Bone-marrow Macrophage,UNIVERSITY OF BIRMINGHAM,missing,public,"fastq,sra,run.zq","s3,gs,ncbi","s3.us-east-1,ncbi.public,gs.us-east1",2,SRX24796367,uncalculated,uncalculated,missing,NextSeq 500,GSM8305572,SINGLE,cDNA,TRANSCRIPTOMIC,Mus musculus,ILLUMINA,2025-07-01T00:00:00Z,2024-06-04T15:31:00Z,1,GSM8305572,Bone-marrow Macrophage,SRP511692,None,Vancomycin
SRR29279155,RNA-Seq,76,65716060,PRJNA1120019,SAMN41673670,29272263,Bone-marrow Macrophage,UNIVERSITY OF BIRMINGHAM,missing,public,"run.zq,fastq,sra","gs,s3,ncbi","ncbi.public,gs.us-east1,s3.us-east-1",2,SRX24796367,uncalculated,uncalculated,missing,NextSeq 500,GSM8305572,SINGLE,cDNA,TRANSCRIPTOMIC,Mus musculus,ILLUMINA,2025-07-01T00:00:00Z,2024-06-04T15:32:00Z,1,GSM8305572,Bone-marrow Macrophage,SRP511692,None,Vancomycin
SRR29279156,RNA-Seq,76,63222576,PRJNA1120019,SAMN41673670,28004001,Bone-marrow Macrophage,UNIVERSITY OF BIRMINGHAM,missing,public,"fastq,sra,run.zq","s3,ncbi,gs","s3.us-east-1,gs.us-east1,ncbi.public",2,SRX24796367,uncalculated,uncalculated,missing,NextSeq 500,GSM8305572,SINGLE,cDNA,TRANSCRIPTOMIC,Mus musculus,ILLUMINA,2025-07-01T00:00:00Z,2024-06-04T15:32:00Z,1,GSM8305572,Bone-marrow Macrophage,SRP511692,None,Vancomycin
SRR29279158,RNA-Seq,76,76520372,PRJNA1120019,SAMN41673671,33042338,Bone-marrow Macrophage,UNIVERSITY OF BIRMINGHAM,missing,public,"sra,run.zq,fastq","s3,gs,ncbi","s3.us-east-1,ncbi.public,gs.us-east1",2,SRX24796366,uncalculated,uncalculated,missing,NextSeq 500,GSM8305571,SINGLE,cDNA,TRANSCRIPTOMIC,Mus musculus,ILLUMINA,2025-07-01T00:00:00Z,2024-06-04T15:32:00Z,1,GSM8305571,Bone-marrow Macrophage,SRP511692,Candida albicans,Untreated (control)
SRR29279159,RNA-Seq,76,78172536,PRJNA1120019,SAMN41673671,33994998,Bone-marrow Macrophage,UNIVERSITY OF BIRMINGHAM,missing,public,"sra,run.zq,fastq","gs,ncbi,s3","gs.us-east1,s3.us-east-1,ncbi.public",2,SRX24796366,uncalculated,uncalculated,missing,NextSeq 500,GSM8305571,SINGLE,cDNA,TRANSCRIPTOMIC,Mus musculus,ILLUMINA,2025-07-01T00:00:00Z,2024-06-04T15:32:00Z,1,GSM8305571,Bone-marrow Macrophage,SRP511692,Candida albicans,Untreated (control)
SRR29279160,RNA-Seq,76,76152456,PRJNA1120019,SAMN41673671,32861437,Bone-marrow Macrophage,UNIVERSITY OF BIRMINGHAM,missing,public,"fastq,run.zq,sra","s3,gs,ncbi","gs.us-east1,s3.us-east-1,ncbi.public",2,SRX24796366,uncalculated,uncalculated,missing,NextSeq 500,GSM8305571,SINGLE,cDNA,TRANSCRIPTOMIC,Mus musculus,ILLUMINA,2025-07-01T00:00:00Z,2024-06-04T15:32:00Z,1,GSM8305571,Bone-marrow Macrophage,SRP511692,Candida albicans,Untreated (control)
SRR29279162,RNA-Seq,76,60008840,PRJNA1120019,SAMN41673672,26101183,Bone-marrow Macrophage,UNIVERSITY OF BIRMINGHAM,missing,public,"fastq,run.zq,sra","ncbi,s3,gs","ncbi.public,gs.us-east1,s3.us-east-1",2,SRX24796365,uncalculated,uncalculated,missing,NextSeq 500,GSM8305570,SINGLE,cDNA,TRANSCRIPTOMIC,Mus musculus,ILLUMINA,2025-07-01T00:00:00Z,2024-06-04T15:31:00Z,1,GSM8305570,Bone-marrow Macrophage,SRP511692,None,Untreated (control)
SRR29279163,RNA-Seq,76,61527700,PRJNA1120019,SAMN41673672,26967602,Bone-marrow Macrophage,UNIVERSITY OF BIRMINGHAM,missing,public,"run.zq,fastq,sra","gs,s3,ncbi","s3.us-east-1,ncbi.public,gs.us-east1",2,SRX24796365,uncalculated,uncalculated,missing,NextSeq 500,GSM8305570,SINGLE,cDNA,TRANSCRIPTOMIC,Mus musculus,ILLUMINA,2025-07-01T00:00:00Z,2024-06-04T15:32:00Z,1,GSM8305570,Bone-marrow Macrophage,SRP511692,None,Untreated (control)
SRR29279164,RNA-Seq,76,59823248,PRJNA1120019,SAMN41673672,26040778,Bone-marrow Macrophage,UNIVERSITY OF BIRMINGHAM,missing,public,"fastq,sra,run.zq","gs,s3,ncbi","ncbi.public,s3.us-east-1,gs.us-east1",2,SRX24796365,uncalculated,uncalculated,missing,NextSeq 500,GSM8305570,SINGLE,cDNA,TRANSCRIPTOMIC,Mus musculus,ILLUMINA,2025-07-01T00:00:00Z,2024-06-04T15:32:00Z,1,GSM8305570,Bone-marrow Macrophage,SRP511692,None,Untreated (control)
SRR29279166,RNA-Seq,76,97791024,PRJNA1120019,SAMN41673673,42147036,Bone-marrow Macrophage,UNIVERSITY OF BIRMINGHAM,missing,public,"fastq,run.zq,sra","gs,s3,ncbi","ncbi.public,s3.us-east-1,gs.us-east1",1,SRX24796364,uncalculated,uncalculated,missing,NextSeq 500,GSM8305569,SINGLE,cDNA,TRANSCRIPTOMIC,Mus musculus,ILLUMINA,2025-07-01T00:00:00Z,2024-06-04T15:32:00Z,1,GSM8305569,Bone-marrow Macrophage,SRP511692,Candida albicans,Vancomycin
SRR29279167,RNA-Seq,76,99967816,PRJNA1120019,SAMN41673673,43344966,Bone-marrow Macrophage,UNIVERSITY OF BIRMINGHAM,missing,public,"sra,fastq,run.zq","s3,gs,ncbi","gs.us-east1,ncbi.public,s3.us-east-1",1,SRX24796364,uncalculated,uncalculated,missing,NextSeq 500,GSM8305569,SINGLE,cDNA,TRANSCRIPTOMIC,Mus musculus,ILLUMINA,2025-07-01T00:00:00Z,2024-06-04T15:31:00Z,1,GSM8305569,Bone-marrow Macrophage,SRP511692,Candida albicans,Vancomycin
SRR29279168,RNA-Seq,76,97550712,PRJNA1120019,SAMN41673673,41952925,Bone-marrow Macrophage,UNIVERSITY OF BIRMINGHAM,missing,public,"fastq,run.zq,sra","gs,ncbi,s3","s3.us-east-1,gs.us-east1,ncbi.public",1,SRX24796364,uncalculated,uncalculated,missing,NextSeq 500,GSM8305569,SINGLE,cDNA,TRANSCRIPTOMIC,Mus musculus,ILLUMINA,2025-07-01T00:00:00Z,2024-06-04T15:31:00Z,1,GSM8305569,Bone-marrow Macrophage,SRP511692,Candida albicans,Vancomycin
SRR29279170,RNA-Seq,76,111543908,PRJNA1120019,SAMN41673674,48640967,Bone-marrow Macrophage,UNIVERSITY OF BIRMINGHAM,missing,public,"fastq,run.zq,sra","ncbi,gs,s3","ncbi.public,s3.us-east-1,gs.us-east1",1,SRX24796363,uncalculated,uncalculated,missing,NextSeq 500,GSM8305568,SINGLE,cDNA,TRANSCRIPTOMIC,Mus musculus,ILLUMINA,2025-07-01T00:00:00Z,2024-06-04T15:32:00Z,1,GSM8305568,Bone-marrow Macrophage,SRP511692,None,Vancomycin
SRR29279171,RNA-Seq,76,114787664,PRJNA1120019,SAMN41673674,50365681,Bone-marrow Macrophage,UNIVERSITY OF BIRMINGHAM,missing,public,"fastq,run.zq,sra","s3,gs,ncbi","gs.us-east1,ncbi.public,s3.us-east-1",1,SRX24796363,uncalculated,uncalculated,missing,NextSeq 500,GSM8305568,SINGLE,cDNA,TRANSCRIPTOMIC,Mus musculus,ILLUMINA,2025-07-01T00:00:00Z,2024-06-04T15:31:00Z,1,GSM8305568,Bone-marrow Macrophage,SRP511692,None,Vancomycin
SRR29279172,RNA-Seq,76,111448756,PRJNA1120019,SAMN41673674,48549567,Bone-marrow Macrophage,UNIVERSITY OF BIRMINGHAM,missing,public,"run.zq,fastq,sra","s3,gs,ncbi","s3.us-east-1,ncbi.public,gs.us-east1",1,SRX24796363,uncalculated,uncalculated,missing,NextSeq 500,GSM8305568,SINGLE,cDNA,TRANSCRIPTOMIC,Mus musculus,ILLUMINA,2025-07-01T00:00:00Z,2024-06-04T15:32:00Z,1,GSM8305568,Bone-marrow Macrophage,SRP511692,None,Vancomycin
SRR29279174,RNA-Seq,76,118722032,PRJNA1120019,SAMN41673675,51256636,Bone-marrow Macrophage,UNIVERSITY OF BIRMINGHAM,missing,public,"fastq,run.zq,sra","gs,ncbi,s3","ncbi.public,gs.us-east1,s3.us-east-1",1,SRX24796362,uncalculated,uncalculated,missing,NextSeq 500,GSM8305567,SINGLE,cDNA,TRANSCRIPTOMIC,Mus musculus,ILLUMINA,2025-07-01T00:00:00Z,2024-06-04T15:32:00Z,1,GSM8305567,Bone-marrow Macrophage,SRP511692,Candida albicans,Untreated (control)
SRR29279175,RNA-Seq,76,121757320,PRJNA1120019,SAMN41673675,52886301,Bone-marrow Macrophage,UNIVERSITY OF BIRMINGHAM,missing,public,"fastq,run.zq,sra","gs,s3,ncbi","s3.us-east-1,gs.us-east1,ncbi.public",1,SRX24796362,uncalculated,uncalculated,missing,NextSeq 500,GSM8305567,SINGLE,cDNA,TRANSCRIPTOMIC,Mus musculus,ILLUMINA,2025-07-01T00:00:00Z,2024-06-04T15:32:00Z,1,GSM8305567,Bone-marrow Macrophage,SRP511692,Candida albicans,Untreated (control)
SRR29279176,RNA-Seq,76,118443188,PRJNA1120019,SAMN41673675,51041515,Bone-marrow Macrophage,UNIVERSITY OF BIRMINGHAM,missing,public,"run.zq,fastq,sra","gs,s3,ncbi","ncbi.public,gs.us-east1,s3.us-east-1",1,SRX24796362,uncalculated,uncalculated,missing,NextSeq 500,GSM8305567,SINGLE,cDNA,TRANSCRIPTOMIC,Mus musculus,ILLUMINA,2025-07-01T00:00:00Z,2024-06-04T15:31:00Z,1,GSM8305567,Bone-marrow Macrophage,SRP511692,Candida albicans,Untreated (control)
SRR29279178,RNA-Seq,76,96719804,PRJNA1120019,SAMN41673676,42170433,Bone-marrow Macrophage,UNIVERSITY OF BIRMINGHAM,missing,public,"sra,run.zq,fastq","gs,ncbi,s3","s3.us-east-1,gs.us-east1,ncbi.public",1,SRX24796361,uncalculated,uncalculated,missing,NextSeq 500,GSM8305566,SINGLE,cDNA,TRANSCRIPTOMIC,Mus musculus,ILLUMINA,2025-07-01T00:00:00Z,2024-06-04T15:32:00Z,1,GSM8305566,Bone-marrow Macrophage,SRP511692,None,Untreated (control)
SRR29279179,RNA-Seq,76,99554832,PRJNA1120019,SAMN41673676,43673781,Bone-marrow Macrophage,UNIVERSITY OF BIRMINGHAM,missing,public,"sra,run.zq,fastq","gs,s3,ncbi","gs.us-east1,ncbi.public,s3.us-east-1",1,SRX24796361,uncalculated,uncalculated,missing,NextSeq 500,GSM8305566,SINGLE,cDNA,TRANSCRIPTOMIC,Mus musculus,ILLUMINA,2025-07-01T00:00:00Z,2024-06-04T15:32:00Z,1,GSM8305566,Bone-marrow Macrophage,SRP511692,None,Untreated (control)
SRR29279180,RNA-Seq,76,96440732,PRJNA1120019,SAMN41673676,41991644,Bone-marrow Macrophage,UNIVERSITY OF BIRMINGHAM,missing,public,"sra,fastq,run.zq","s3,gs,ncbi","gs.us-east1,ncbi.public,s3.us-east-1",1,SRX24796361,uncalculated,uncalculated,missing,NextSeq 500,GSM8305566,SINGLE,cDNA,TRANSCRIPTOMIC,Mus musculus,ILLUMINA,2025-07-01T00:00:00Z,2024-06-04T15:32:00Z,1,GSM8305566,Bone-marrow Macrophage,SRP511692,None,Untreated (control)
